{
  "P1_cheap": {
    "raw": {
      "ece": 0.14612996253814306,
      "brier": 0.25670154534303713,
      "auroc": 0.5089124975416408
    },
    "platt": {
      "ece": 0.019935660911612356,
      "brier": 0.23567140066708306,
      "auroc": 0.5089124975416408
    },
    "isotonic": {
      "ece": 0.03251090289247469,
      "brier": 0.23651426109075374,
      "auroc": 0.5148986021391506
    }
  },
  "P3_cheap_sae": {
    "raw": {
      "ece": 0.1414137459230917,
      "brier": 0.25535604652992505,
      "auroc": 0.5074885402641413
    },
    "platt": {
      "ece": 0.018418348478878355,
      "brier": 0.23565117053965837,
      "auroc": 0.5074885402641413
    },
    "isotonic": {
      "ece": 0.023056726182513202,
      "brier": 0.23612127488942916,
      "auroc": 0.5075830925402036
    }
  }
}