{
  "n_test": 1499,
  "mean_error_no_abstention": 0.6210807204803203,
  "coverages": [
    0.1,
    0.15,
    0.2,
    0.25,
    0.3,
    0.35,
    0.4,
    0.45,
    0.5,
    0.55,
    0.6,
    0.65,
    0.7,
    0.75,
    0.8,
    0.85,
    0.9,
    0.95,
    1.0
  ],
  "oracle_curve": [
    0.0,
    0.0,
    0.0,
    0.0,
    0.0,
    0.0,
    0.05333333333333334,
    0.15851851851851853,
    0.24266666666666667,
    0.3106796116504854,
    0.3681868743047831,
    0.41683778234086244,
    0.45853193517635843,
    0.49466192170818507,
    0.5262718932443703,
    0.554160125588697,
    0.5789473684210527,
    0.601123595505618,
    0.6210807204803203
  ],
  "oracle_aurc": 0.25372299933495457,
  "random_curve": [
    0.6213066666666672,
    0.6211822222222232,
    0.6214050000000001,
    0.6208306666666662,
    0.6210266666666674,
    0.6210152380952383,
    0.6211483333333346,
    0.621183703703703,
    0.6213780000000005,
    0.6213203883495154,
    0.6213503893214678,
    0.621327515400409,
    0.6211668255481383,
    0.6212233096085406,
    0.621271059216018,
    0.6212409733124018,
    0.6211975537435125,
    0.6211562499999995,
    0.6210807204803115
  ],
  "random_aurc": 0.5590808894380662,
  "probes": {
    "P1_cheap": {
      "curve": [
        0.6066666666666667,
        0.6044444444444445,
        0.6033333333333334,
        0.608,
        0.6,
        0.6057142857142858,
        0.6066666666666667,
        0.6192592592592593,
        0.616,
        0.6298543689320388,
        0.6262513904338154,
        0.6252566735112937,
        0.6186844613918017,
        0.6120996441281139,
        0.6146788990825688,
        0.6161695447409733,
        0.6182357301704967,
        0.6193820224719101,
        0.6210807204803203
      ],
      "ci95_lower": [
        0.5266666666666666,
        0.5422222222222223,
        0.55,
        0.56,
        0.5555555555555556,
        0.5638095238095238,
        0.5666666666666667,
        0.5822222222222222,
        0.5786666666666667,
        0.5970873786407767,
        0.5939655172413792,
        0.5934291581108829,
        0.5891325071496664,
        0.5836298932384342,
        0.5871559633027523,
        0.5879120879120879,
        0.5922905856189771,
        0.5919943820224719,
        0.5970647098065377
      ],
      "ci95_upper": [
        0.68,
        0.6666666666666666,
        0.66,
        0.656,
        0.6466666666666666,
        0.6476666666666664,
        0.6466666666666666,
        0.6562962962962963,
        0.6493666666666664,
        0.6638349514563107,
        0.6596218020022246,
        0.6550308008213552,
        0.6482364156339371,
        0.6405693950177936,
        0.6413678065054211,
        0.6428571428571429,
        0.6441808747220164,
        0.6446804775280898,
        0.6444296197464977
      ],
      "aurc": 0.5528952208927248,
      "fraction_of_oracle_aurc": 0.020257110576879712
    },
    "P2_cheap_raw": {
      "curve": [
        0.6,
        0.6,
        0.6366666666666667,
        0.648,
        0.6511111111111111,
        0.6495238095238095,
        0.645,
        0.6444444444444445,
        0.648,
        0.6371359223300971,
        0.6407119021134594,
        0.6375770020533881,
        0.6396568160152526,
        0.6387900355871886,
        0.6371976647206005,
        0.6318681318681318,
        0.6241660489251297,
        0.6235955056179775,
        0.6210807204803203
      ],
      "ci95_lower": [
        0.52,
        0.5377777777777778,
        0.5833333333333334,
        0.5973333333333334,
        0.6066666666666667,
        0.6095238095238096,
        0.605,
        0.6088888888888889,
        0.6133333333333333,
        0.6031553398058253,
        0.610678531701891,
        0.608829568788501,
        0.6101048617731173,
        0.6103202846975089,
        0.6113219349457881,
        0.6059654631083202,
        0.5997034840622684,
        0.598314606741573,
        0.5957304869913276
      ],
      "ci95_upper": [
        0.68,
        0.6666666666666666,
        0.69,
        0.6933333333333334,
        0.6911111111111111,
        0.6895238095238095,
        0.6866666666666666,
        0.68,
        0.6826666666666666,
        0.6699029126213593,
        0.6729699666295884,
        0.6683778234086243,
        0.6701620591039085,
        0.6654804270462633,
        0.6638865721434529,
        0.6577708006279435,
        0.6486286137879911,
        0.6481741573033708,
        0.6450967311541027
      ],
      "aurc": 0.5721992710608709,
      "fraction_of_oracle_aurc": -0.042960676792647826
    },
    "P3_cheap_sae": {
      "curve": [
        0.6666666666666666,
        0.6488888888888888,
        0.6066666666666667,
        0.6186666666666667,
        0.6244444444444445,
        0.6209523809523809,
        0.6183333333333333,
        0.6281481481481481,
        0.6253333333333333,
        0.6262135922330098,
        0.6262513904338154,
        0.6262833675564682,
        0.6215443279313632,
        0.6254448398576512,
        0.6163469557964971,
        0.609105180533752,
        0.6174944403261675,
        0.6186797752808989,
        0.6210807204803203
      ],
      "ci95_lower": [
        0.5866666666666667,
        0.5822222222222222,
        0.55,
        0.568,
        0.5822222222222222,
        0.580952380952381,
        0.5783333333333334,
        0.5925925925925926,
        0.5906666666666667,
        0.5922330097087378,
        0.5951056729699666,
        0.5965092402464066,
        0.5919923736892279,
        0.5960854092526691,
        0.5896580483736447,
        0.5824175824175825,
        0.5915492957746479,
        0.5926966292134831,
        0.5970480320213476
      ],
      "ci95_upper": [
        0.74,
        0.7111111111111111,
        0.6633333333333333,
        0.6693333333333333,
        0.6711111111111111,
        0.6628571428571428,
        0.655,
        0.6637407407407405,
        0.66,
        0.6589805825242718,
        0.6585094549499444,
        0.6560574948665298,
        0.6510962821734986,
        0.6539145907473309,
        0.6447039199332777,
        0.6357927786499215,
        0.6441808747220164,
        0.6446629213483146,
        0.6450967311541027
      ],
      "aurc": 0.561133571297849,
      "fraction_of_oracle_aurc": -0.006722216541022281
    },
    "P4_raw_only": {
      "curve": [
        0.6466666666666666,
        0.6444444444444445,
        0.65,
        0.6373333333333333,
        0.6288888888888889,
        0.638095238095238,
        0.6383333333333333,
        0.64,
        0.6466666666666666,
        0.6456310679611651,
        0.6496106785317018,
        0.6478439425051334,
        0.6425166825548141,
        0.6396797153024911,
        0.6371976647206005,
        0.6342229199372057,
        0.6293550778354337,
        0.625,
        0.6210807204803203
      ],
      "ci95_lower": [
        0.5666666666666667,
        0.5822222222222222,
        0.5966666666666667,
        0.5866666666666667,
        0.5844444444444444,
        0.6,
        0.6,
        0.6014814814814815,
        0.612,
        0.6116504854368932,
        0.6195773081201335,
        0.6170431211498973,
        0.6148713060057197,
        0.6094306049822064,
        0.6105087572977481,
        0.6075353218210361,
        0.6033914010378058,
        0.5997191011235955,
        0.5957304869913276
      ],
      "ci95_upper": [
        0.72,
        0.7066666666666667,
        0.7033333333333334,
        0.6853333333333333,
        0.6733333333333333,
        0.6780952380952381,
        0.6766666666666666,
        0.6755555555555556,
        0.6800333333333332,
        0.6771844660194175,
        0.6807563959955506,
        0.6776180698151951,
        0.6730457578646328,
        0.6672820284697508,
        0.664720600500417,
        0.6609105180533752,
        0.6575240919199407,
        0.6495786516853933,
        0.6450967311541027
      ],
      "aurc": 0.5754346673841972,
      "fraction_of_oracle_aurc": -0.05355610081209548
    },