{
  "n_windows": 1500,
  "always_cheap": {
    "mean_error": 0.17733333333333334,
    "cost": 1.0
  },
  "always_expensive": {
    "mean_error": 0.14133333333333334,
    "cost": 5.0
  },
  "win_rate_expensive": 0.04733333333333333,
  "random_curve": [
    [
      1.0,
      0.17733333333333334,
      0.0
    ],
    [
      1.1999999999999997,
      0.17547066666666666,
      0.05
    ],
    [
      1.4,
      0.17372933333333332,
      0.1
    ],
    [
      1.6,
      0.17194,
      0.15000000000000002
    ],
    [
      1.8000000000000005,
      0.17012533333333335,
      0.2
    ],
    [
      2.0,
      0.16842666666666667,
      0.25
    ],
    [
      2.1999999999999997,
      0.16638266666666668,
      0.30000000000000004
    ],
    [
      2.3999999999999995,
      0.1647266666666667,
      0.35000000000000003
    ],
    [
      2.6000000000000005,
      0.163004,
      0.4
    ],
    [
      2.8,
      0.16081733333333334,
      0.45
    ],
    [
      3.0,
      0.15945866666666667,
      0.5
    ],
    [
      3.2,
      0.15767333333333336,
      0.55
    ],
    [
      3.399999999999999,
      0.15571066666666666,
      0.6000000000000001
    ],
    [
      3.600000000000001,
      0.15381466666666666,
      0.65
    ],
    [
      3.799999999999999,
      0.152164,
      0.7000000000000001
    ],
    [
      4.0,
      0.15020666666666666,
      0.75
    ],
    [
      4.200000000000001,
      0.14863466666666664,
      0.8
    ],
    [
      4.3999999999999995,
      0.14666133333333334,
      0.8500000000000001
    ],
    [
      4.6,
      0.144916,
      0.9
    ],
    [
      4.799999999999999,
      0.14307466666666666,
      0.9500000000000001
    ],
    [
      5.0,
      0.14133333333333334,
      1.0
    ]
  ],
  "oracle_curve": [
    [
      1.0,
      0.17733333333333334,
      0.0
    ],
    [
      1.2,
      0.13,
      0.05
    ],
    [
      1.4,
      0.13,
      0.1
    ],
    [
      1.6,
      0.13,
      0.15000000000000002
    ],
    [
      1.8,
      0.13,
      0.2
    ],
    [
      2.0,
      0.13,
      0.25
    ],
    [
      2.2,
      0.13,
      0.30000000000000004
    ],
    [
      2.4,
      0.13,
      0.35000000000000003
    ],
    [
      2.6,
      0.13,
      0.4
    ],
    [
      2.8,
      0.13,
      0.45
    ],
    [
      3.0,
      0.13,
      0.5
    ],
    [
      3.2,
      0.13,
      0.55
    ],
    [
      3.4,
      0.13,
      0.6000000000000001
    ],
    [
      3.6,
      0.13,
      0.65
    ],
    [
      3.8,
      0.13,
      0.7000000000000001
    ],
    [
      4.0,
      0.13,
      0.75
    ],
    [
      4.2,
      0.13,
      0.8
    ],
    [
      4.4,
      0.13,
      0.8500000000000001
    ],
    [
      4.6,
      0.13,
      0.9
    ],
    [
      4.8,
      0.13,
      0.9500000000000001
    ],
    [
      5.0,
      0.14133333333333334,
      1.0
    ]
  ],
  "probes": {
    "P3_cheap_sae": {
      "frontier": [
        {
          "tau": 0.0,
          "mean_error": 0.14133333333333334,
          "mean_cost": 5.0,
          "frac_to_exp": 1.0
        },
        {
          "tau": 0.025,
          "mean_error": 0.14133333333333334,
          "mean_cost": 5.0,
          "frac_to_exp": 1.0
        },
        {
          "tau": 0.05,
          "mean_error": 0.14133333333333334,
          "mean_cost": 4.994666666666666,
          "frac_to_exp": 0.9986666666666667
        },
        {
          "tau": 0.07500000000000001,
          "mean_error": 0.14133333333333334,
          "mean_cost": 4.984,
          "frac_to_exp": 0.996
        },
        {
          "tau": 0.1,
          "mean_error": 0.142,
          "mean_cost": 4.938666666666666,
          "frac_to_exp": 0.9846666666666667
        },
        {
          "tau": 0.125,
          "mean_error": 0.14333333333333334,
          "mean_cost": 4.8693333333333335,
          "frac_to_exp": 0.9673333333333334
        },
        {
          "tau": 0.15000000000000002,
          "mean_error": 0.144,
          "mean_cost": 4.810666666666667,
          "frac_to_exp": 0.9526666666666667
        },
        {
          "tau": 0.17500000000000002,
          "mean_error": 0.14466666666666667,
          "mean_cost": 4.672,
          "frac_to_exp": 0.918
        },
        {
          "tau": 0.2,
          "mean_error": 0.14466666666666667,
          "mean_cost": 4.552,
          "frac_to_exp": 0.888
        },
        {
          "tau": 0.225,
          "mean_error": 0.14533333333333334,
          "mean_cost": 4.421333333333333,
          "frac_to_exp": 0.8553333333333333
        },
        {
          "tau": 0.25,
          "mean_error": 0.14666666666666667,
          "mean_cost": 4.274666666666667,
          "frac_to_exp": 0.8186666666666667
        },
        {
          "tau": 0.275,
          "mean_error": 0.148,
          "mean_cost": 4.104,
          "frac_to_exp": 0.776
        },
        {
          "tau": 0.30000000000000004,
          "mean_error": 0.15,
          "mean_cost": 3.957333333333333,
          "frac_to_exp": 0.7393333333333333
        },
        {
          "tau": 0.325,
          "mean_error": 0.15066666666666667,
          "mean_cost": 3.752,
          "frac_to_exp": 0.688
        },
        {
          "tau": 0.35000000000000003,
          "mean_error": 0.152,
          "mean_cost": 3.592,
          "frac_to_exp": 0.648
        },
        {
          "tau": 0.375,
          "mean_error": 0.15266666666666667,
          "mean_cost": 3.445333333333333,
          "frac_to_exp": 0.6113333333333333
        },
        {
          "tau": 0.4,
          "mean_error": 0.15266666666666667,
          "mean_cost": 3.3093333333333335,
          "frac_to_exp": 0.5773333333333334
        },
        {
          "tau": 0.42500000000000004,
          "mean_error": 0.15533333333333332,
          "mean_cost": 3.1493333333333333,
          "frac_to_exp": 0.5373333333333333
        },
        {
          "tau": 0.45,
          "mean_error": 0.158,
          "mean_cost": 2.997333333333333,
          "frac_to_exp": 0.49933333333333335
        },
        {
          "tau": 0.47500000000000003,
          "mean_error": 0.15733333333333333,
          "mean_cost": 2.8293333333333335,
          "frac_to_exp": 0.4573333333333333
        },
        {
          "tau": 0.5,
          "mean_error": 0.15666666666666668,
          "mean_cost": 2.7093333333333334,
          "frac_to_exp": 0.42733333333333334
        },
        {
          "tau": 0.525,
          "mean_error": 0.158,
          "mean_cost": 2.584,
          "frac_to_exp": 0.396
        },
        {
          "tau": 0.55,
          "mean_error": 0.15866666666666668,
          "mean_cost": 2.4266666666666667,
          "frac_to_exp": 0.3566666666666667
        },
        {
          "tau": 0.5750000000000001,
          "mean_error": 0.16,
          "mean_cost": 2.2506666666666666,
          "frac_to_exp": 0.31266666666666665
        },
        {
          "tau": 0.6000000000000001,
          "mean_error": 0.162,
          "mean_cost": 2.1626666666666665,
          "frac_to_exp": 0.2906666666666667
        },
        {
          "tau": 0.625,
          "mean_error": 0.16333333333333333,
          "mean_cost": 2.0453333333333332,
          "frac_to_exp": 0.2613333333333333
        },
        {
          "tau": 0.65,
          "mean_error": 0.16666666666666666,
          "mean_cost": 1.9066666666666667,
          "frac_to_exp": 0.22666666666666666
        },
        {
          "tau": 0.675,
          "mean_error": 0.16666666666666666,
          "mean_cost": 1.8106666666666666,
          "frac_to_exp": 0.20266666666666666
        },
        {
          "tau": 0.7000000000000001,
          "mean_error": 0.168,
          "mean_cost": 1.728,
          "frac_to_exp": 0.182
        },
        {
          "tau": 0.7250000000000001,
          "mean_error": 0.16866666666666666,
          "mean_cost": 1.6426666666666667,