{
  "P1_cheap": {
    "raw": {
      "ece": 0.36605663111707093,
      "brier": 0.28099657840180237,
      "auroc": 0.5634436577667832
    },
    "platt": {
      "ece": 0.12333966178122821,
      "brier": 0.16351292115239568,
      "auroc": 0.5634436577667832
    },
    "isotonic": {
      "ece": 0.1421443350930678,
      "brier": 0.18122150058422198,
      "auroc": 0.5632913320578594
    }
  },
  "P3_cheap_sae": {
    "raw": {
      "ece": 0.35631487505088394,
      "brier": 0.2732317662021734,
      "auroc": 0.5310896771913576
    },
    "platt": {
      "ece": 0.11327419965180235,
      "brier": 0.16201144255869307,
      "auroc": 0.5310896771913576
    },
    "isotonic": {
      "ece": 0.1554891401260159,
      "brier": 0.20406589134796904,
      "auroc": 0.5276166510278939
    }
  }
}