{
  "n_test": 1500,
  "mean_error_no_abstention": 0.17733333333333334,
  "coverages": [
    0.1,
    0.15,
    0.2,
    0.25,
    0.3,
    0.35,
    0.4,
    0.45,
    0.5,
    0.55,
    0.6,
    0.65,
    0.7,
    0.75,
    0.8,
    0.85,
    0.9,
    0.95,
    1.0
  ],
  "oracle_curve": [
    0.0,
    0.0,
    0.0,
    0.0,
    0.0,
    0.0,
    0.0,
    0.0,
    0.0,
    0.0,
    0.0,
    0.0,
    0.0,
    0.0,
    0.0,
    0.03215686274509804,
    0.08592592592592592,
    0.13403508771929826,
    0.17733333333333334
  ],
  "oracle_aurc": 0.017039227152849445,
  "random_curve": [
    0.1772300000000002,
    0.1771044444444445,
    0.176836666666668,
    0.17694533333333387,
    0.17712111111111112,
    0.17694190476190494,
    0.17691750000000192,
    0.1769511111111113,
    0.1769573333333334,
    0.17703030303030617,
    0.17703666666666676,
    0.1770435897435891,
    0.17699000000000017,
    0.17712133333333355,
    0.1772095833333376,
    0.17723176470588675,
    0.17727222222222275,
    0.17732210526315834,
    0.17733333333332865
  ],
  "random_aurc": 0.1593657319863537,
  "probes": {
    "P1_cheap": {
      "curve": [
        0.12666666666666668,
        0.12444444444444444,
        0.12,
        0.13066666666666665,
        0.12666666666666668,
        0.1295238095238095,
        0.13666666666666666,
        0.13925925925925925,
        0.148,
        0.15636363636363637,
        0.14888888888888888,
        0.14974358974358976,
        0.14761904761904762,
        0.14933333333333335,
        0.15416666666666667,
        0.15764705882352942,
        0.16592592592592592,
        0.1712280701754386,
        0.17733333333333334
      ],
      "ci95_lower": [
        0.07333333333333333,
        0.08444444444444445,
        0.08333333333333333,
        0.09866666666666667,
        0.09555555555555556,
        0.10095238095238095,
        0.10833333333333334,
        0.11259259259259259,
        0.12266666666666666,
        0.1321212121212121,
        0.12333333333333334,
        0.1282051282051282,
        0.12761904761904763,
        0.12975555555555554,
        0.13414583333333333,
        0.13725490196078433,
        0.14666666666666667,
        0.15228070175438596,
        0.15866666666666668
      ],
      "ci95_upper": [
        0.18016666666666575,
        0.1688888888888889,
        0.15666666666666668,
        0.168,
        0.15777777777777777,
        0.1580952380952381,
        0.165,
        0.16592592592592592,
        0.17466666666666666,
        0.18184848484848468,
        0.17333333333333334,
        0.1723076923076923,
        0.17047619047619048,
        0.17066666666666666,
        0.175,
        0.1772549019607843,
        0.18592592592592594,
        0.19157894736842104,
        0.196
      ],
      "aurc": 0.1304071865383785,
      "fraction_of_oracle_aurc": 0.20346558416404145
    },
    "P2_cheap_raw": {
      "curve": [
        0.04,
        0.05333333333333334,
        0.06,
        0.07733333333333334,
        0.08888888888888889,
        0.09142857142857143,
        0.08833333333333333,
        0.09925925925925926,
        0.1,
        0.1103030303030303,
        0.11555555555555555,
        0.12307692307692308,
        0.12761904761904763,
        0.13777777777777778,
        0.145,
        0.15372549019607842,
        0.16444444444444445,
        0.16701754385964912,
        0.17733333333333334
      ],
      "ci95_lower": [
        0.013333333333333334,
        0.02666666666666667,
        0.03333333333333333,
        0.05326666666666667,
        0.06222222222222222,
        0.06857142857142857,
        0.06666666666666667,
        0.07555555555555556,
        0.07866666666666666,
        0.08969696969696969,
        0.09555555555555556,
        0.10256410256410256,
        0.10854761904761905,
        0.11644444444444445,
        0.12583333333333332,
        0.13568627450980392,
        0.1451851851851852,
        0.14736842105263157,
        0.15866666666666668
      ],
      "ci95_upper": [
        0.07333333333333333,
        0.08444444444444445,
        0.08666666666666667,
        0.104,
        0.11555555555555555,
        0.11619047619047619,
        0.11166666666666666,
        0.12148148148148148,
        0.12266666666666666,
        0.13215151515151496,
        0.13666666666666666,
        0.14256410256410257,
        0.14761904761904762,
        0.15733333333333333,
        0.165,
        0.17254901960784313,
        0.18444444444444444,
        0.18526315789473685,
        0.19733333333333333
      ],
      "aurc": 0.10058815995379462,
      "fraction_of_oracle_aurc": 0.4129769932966315
    },
    "P3_cheap_sae": {
      "curve": [
        0.10666666666666667,
        0.1111111111111111,
        0.10666666666666667,
        0.11733333333333333,
        0.12444444444444444,
        0.12380952380952381,
        0.13333333333333333,
        0.13185185185185186,
        0.14,
        0.14303030303030304,
        0.15,
        0.1517948717948718,
        0.1523809523809524,
        0.15644444444444444,
        0.15916666666666668,
        0.16470588235294117,
        0.1688888888888889,
        0.17192982456140352,
        0.17733333333333334
      ],
      "ci95_lower": [
        0.06,
        0.07111111111111111,
        0.07333333333333333,
        0.08533333333333333,
        0.09555555555555556,
        0.09714285714285714,
        0.10666666666666667,
        0.10666666666666667,
        0.116,
        0.12,
        0.12666666666666668,
        0.12923076923076923,
        0.1314047619047619,
        0.1351111111111111,
        0.1375,
        0.14507843137254903,
        0.14962962962962964,
        0.15228070175438596,
        0.15866666666666668
      ],
      "ci95_upper": [
        0.16,
        0.1511111111111111,
        0.14333333333333334,
        0.14933333333333335,
        0.15555555555555556,
        0.1523809523809524,
        0.16166666666666665,
        0.15851851851851853,
        0.16666666666666666,
        0.16727272727272727,
        0.17333333333333334,
        0.1753846153846154,
        0.1761904761904762,
        0.1768888888888889,
        0.18,
        0.18666666666666668,
        0.18816666666666657,
        0.19157894736842104,
        0.19668333333333324
      ],
      "aurc": 0.12744460493353685,
      "fraction_of_oracle_aurc": 0.22428097345718342
    },
    "P4_raw_only": {
      "curve": [
        0.04,
        0.04888888888888889,
        0.06,
        0.07466666666666667,
        0.08222222222222222,
        0.0838095238095238,
        0.09333333333333334,
        0.10074074074074074,
        0.10133333333333333,
        0.10666666666666667,
        0.11666666666666667,
        0.12512820512820513,
        0.13428571428571429,
        0.13955555555555554,
        0.15,
        0.15294117647058825,
        0.16296296296296298,
        0.16912280701754387,
        0.17733333333333334
      ],
      "ci95_lower": [
        0.013333333333333334,
        0.022222222222222223,
        0.03333333333333333,
        0.048,
        0.057777777777777775,
        0.06095238095238095,
        0.07,
        0.07851851851851852,
        0.08,
        0.08606060606060606,
        0.09555555555555556,
        0.10461538461538461,
        0.11333333333333333,
        0.12,
        0.12916666666666668,
        0.13333333333333333,
        0.1437037037037037,
        0.14947368421052631,
        0.15933333333333333
      ],
      "ci95_upper": [
        0.07333333333333333,
        0.08,
        0.08666666666666667,
        0.104,
        0.10888888888888888,
        0.10857142857142857,
        0.11833333333333333,
        0.12296296296296297,
        0.12533333333333332,
        0.12727272727272726,
        0.13777777777777778,
        0.14566666666666653,
        0.15621428571428558,
        0.16,
        0.17083333333333334,
        0.17411764705882352,
        0.18222222222222223,
        0.1880701754385965,
        0.19666666666666666
      ],