{
  "n_windows": 167,
  "always_cheap": {
    "mean_error": 1.5265751222213295,
    "cost": 1.0
  },
  "always_expensive": {
    "mean_error": 1.5130497233900213,
    "cost": 4.0
  },
  "win_rate_expensive": 0.5209580838323353,
  "random_curve": [
    [
      1.0,
      1.5265751222213297,
      0.0
    ],
    [
      1.1437125748502992,
      1.5261127383996187,
      0.05
    ],
    [
      1.3053892215568863,
      1.5250550466495607,
      0.1
    ],
    [
      1.4491017964071857,
      1.5238159099287896,
      0.15000000000000002
    ],
    [
      1.5928143712574852,
      1.5237293621248333,
      0.2
    ],
    [
      1.7544910179640711,
      1.5228366845212205,
      0.25
    ],
    [
      1.8982035928143715,
      1.5230260647003953,
      0.30000000000000004
    ],
    [
      2.0419161676646707,
      1.5209232895869627,
      0.35000000000000003
    ],
    [
      2.203592814371258,
      1.5213792211051564,
      0.4
    ],
    [
      2.3473053892215567,
      1.520438236234155,
      0.45
    ],
    [
      2.508982035928143,
      1.5192650260517262,
      0.5
    ],
    [
      2.6526946107784424,
      1.5190906255367653,
      0.55
    ],
    [
      2.796407185628742,
      1.5189673815178408,
      0.6000000000000001
    ],
    [
      2.958083832335329,
      1.5171581760626822,
      0.65
    ],
    [
      3.1017964071856285,
      1.5167351092960573,
      0.7000000000000001
    ],
    [
      3.2455089820359286,
      1.5166166512577781,
      0.75
    ],
    [
      3.407185628742515,
      1.515909023970102,
      0.8
    ],
    [
      3.550898203592815,
      1.5153117776254903,
      0.8500000000000001
    ],
    [
      3.6946107784431144,
      1.5146839171802138,
      0.9
    ],
    [
      3.8562874251497012,
      1.5135098494013395,
      0.9500000000000001
    ],
    [
      4.0,
      1.5130497233900218,
      1.0
    ]
  ],
  "oracle_curve": [
    [
      1.0,
      1.5265751222213295,
      0.0
    ],
    [
      1.1437125748502994,
      1.485738521097159,
      0.05
    ],
    [
      1.3053892215568863,
      1.4613805529568054,
      0.1
    ],
    [
      1.4491017964071857,
      1.4482691884165004,
      0.15000000000000002
    ],
    [
      1.592814371257485,
      1.4394645755083275,
      0.2
    ],
    [
      1.7544910179640718,
      1.4309844233388296,
      0.25
    ],
    [
      1.8982035928143712,
      1.4250981242967993,
      0.30000000000000004
    ],
    [
      2.0419161676646707,
      1.4205168898732083,
      0.35000000000000003
    ],
    [
      2.2035928143712575,
      1.4173677130078288,
      0.4
    ],
    [
      2.3473053892215567,
      1.415758632878626,
      0.45
    ],
    [
      2.5089820359281436,
      1.4148464008754815,
      0.5
    ],
    [
      2.6526946107784433,
      1.4149806330534545,
      0.55
    ],
    [
      2.7964071856287425,
      1.4161126031441005,
      0.6000000000000001
    ],
    [
      2.9580838323353293,
      1.4182825012935785,
      0.65
    ],
    [
      3.1017964071856285,
      1.421332841756681,
      0.7000000000000001
    ],
    [
      3.245508982035928,
      1.4257904511204706,
      0.75
    ],
    [
      3.407185628742515,
      1.4329292527446857,
      0.8
    ],
    [
      3.5508982035928143,
      1.4427720437504916,
      0.8500000000000001
    ],
    [
      3.694610778443114,
      1.4546921243727977,
      0.9
    ],
    [
      3.856287425149701,
      1.4760928697832592,
      0.9500000000000001
    ],
    [
      4.0,
      1.5130497233900213,
      1.0
    ]
  ],
  "probes": {
    "P3_cheap_sae": {
      "frontier": [
        {
          "tau": 0.0,
          "mean_error": 1.5130497233900213,
          "mean_cost": 4.0,
          "frac_to_exp": 1.0
        },
        {
          "tau": 0.025,
          "mean_error": 1.5130497233900213,
          "mean_cost": 4.0,
          "frac_to_exp": 1.0
        },
        {
          "tau": 0.05,
          "mean_error": 1.5132916546020425,
          "mean_cost": 3.9820359281437128,
          "frac_to_exp": 0.9940119760479041
        },
        {
          "tau": 0.07500000000000001,
          "mean_error": 1.5132916546020425,
          "mean_cost": 3.9820359281437128,
          "frac_to_exp": 0.9940119760479041
        },
        {
          "tau": 0.1,
          "mean_error": 1.5146337687244749,
          "mean_cost": 3.964071856287425,
          "frac_to_exp": 0.9880239520958084
        },
        {
          "tau": 0.125,
          "mean_error": 1.5181874464318268,
          "mean_cost": 3.92814371257485,
          "frac_to_exp": 0.9760479041916168
        },
        {
          "tau": 0.15000000000000002,
          "mean_error": 1.5228599499699678,
          "mean_cost": 3.910179640718563,
          "frac_to_exp": 0.9700598802395209
        },
        {
          "tau": 0.17500000000000002,
          "mean_error": 1.5257790720260835,
          "mean_cost": 3.838323353293413,
          "frac_to_exp": 0.9461077844311377
        },
        {
          "tau": 0.2,
          "mean_error": 1.5259068071396196,
          "mean_cost": 3.802395209580838,
          "frac_to_exp": 0.9341317365269461
        },
        {
          "tau": 0.225,
          "mean_error": 1.5260875482283707,
          "mean_cost": 3.730538922155689,
          "frac_to_exp": 0.9101796407185628
        },
        {
          "tau": 0.25,
          "mean_error": 1.5263886544410878,
          "mean_cost": 3.694610778443114,
          "frac_to_exp": 0.8982035928143712
        },
        {
          "tau": 0.275,
          "mean_error": 1.5278772304568393,
          "mean_cost": 3.622754491017964,
          "frac_to_exp": 0.874251497005988
        },
        {
          "tau": 0.30000000000000004,
          "mean_error": 1.5279604525006905,
          "mean_cost": 3.497005988023952,
          "frac_to_exp": 0.8323353293413174
        },
        {
          "tau": 0.325,
          "mean_error": 1.52753995787177,
          "mean_cost": 3.3532934131736525,
          "frac_to_exp": 0.7844311377245509
        },
        {
          "tau": 0.35000000000000003,
          "mean_error": 1.5317448671627774,
          "mean_cost": 3.245508982035928,
          "frac_to_exp": 0.7485029940119761
        },
        {
          "tau": 0.375,
          "mean_error": 1.5363563009159988,
          "mean_cost": 3.1736526946107784,
          "frac_to_exp": 0.7245508982035929
        },
        {
          "tau": 0.4,
          "mean_error": 1.5359670787156765,
          "mean_cost": 3.1017964071856285,
          "frac_to_exp": 0.7005988023952096
        },
        {
          "tau": 0.42500000000000004,
          "mean_error": 1.5357489334845396,
          "mean_cost": 3.065868263473054,
          "frac_to_exp": 0.688622754491018
        },
        {
          "tau": 0.45,
          "mean_error": 1.5354599407341252,
          "mean_cost": 2.9940119760479043,
          "frac_to_exp": 0.6646706586826348
        },
        {
          "tau": 0.47500000000000003,
          "mean_error": 1.535539975767997,
          "mean_cost": 2.940119760479042,
          "frac_to_exp": 0.6467065868263473
        },
        {
          "tau": 0.5,
          "mean_error": 1.5330951807591064,
          "mean_cost": 2.8682634730538923,
          "frac_to_exp": 0.6227544910179641
        },
        {
          "tau": 0.525,
          "mean_error": 1.5452670776385373,
          "mean_cost": 2.7964071856287425,
          "frac_to_exp": 0.5988023952095808
        },
        {
          "tau": 0.55,
          "mean_error": 1.5452978100502412,
          "mean_cost": 2.7425149700598803,
          "frac_to_exp": 0.5808383233532934
        },
        {
          "tau": 0.5750000000000001,
          "mean_error": 1.5480114493048664,
          "mean_cost": 2.5988023952095807,
          "frac_to_exp": 0.5329341317365269
        },
        {
          "tau": 0.6000000000000001,
          "mean_error": 1.5445466675896058,