{
  "n_total": 701,
  "n_train": 483,
  "n_test": 167,
  "hard_fraction": 0.16167664670658682,
  "probes": {
    "P1_cheap": {
      "name": "P1_cheap",
      "auroc": 0.6537037037037037,
      "ci_low": 0.5515623540128936,
      "ci_high": 0.751300247371676,
      "n_test": 167,
      "best_C": 1.0,
      "delta_vs_baseline": null,
      "delta_ci": null,
      "perm_p": null
    },
    "P2_cheap_raw": {
      "name": "P2_cheap_raw",
      "auroc": 0.5835978835978836,
      "ci_low": 0.45988178376373384,
      "ci_high": 0.6973714718465558,
      "n_test": 167,
      "best_C": 0.1,
      "delta_vs_baseline": null,
      "delta_ci": null,
      "perm_p": null
    },
    "P3_cheap_sae": {
      "name": "P3_cheap_sae",
      "auroc": 0.42592592592592593,
      "ci_low": 0.3122752576370998,
      "ci_high": 0.5473442517294769,
      "n_test": 167,
      "best_C": 0.1,
      "delta_vs_baseline": null,
      "delta_ci": null,
      "perm_p": null
    },
    "P4_raw_only": {
      "name": "P4_raw_only",
      "auroc": 0.584126984126984,
      "ci_low": 0.46051779159152245,
      "ci_high": 0.697505182954511,
      "n_test": 167,
      "best_C": 0.1,
      "delta_vs_baseline": null,
      "delta_ci": null,
      "perm_p": null
    },
    "P5_sae_only": {
      "name": "P5_sae_only",
      "auroc": 0.4264550264550265,
      "ci_low": 0.31294433695749485,
      "ci_high": 0.5473466763121934,
      "n_test": 167,
      "best_C": 0.1,
      "delta_vs_baseline": null,
      "delta_ci": null,
      "perm_p": null
    }
  },
  "deltas": {
    "P2_cheap_raw-P1_cheap": {
      "point": -0.07010582010582012,
      "ci_low": -0.19312582671957673,
      "ci_high": 0.0547340698869477
    },
    "P3_cheap_sae-P1_cheap": {
      "point": -0.22777777777777775,
      "ci_low": -0.3664593758315648,
      "ci_high": -0.09156543467043791
    },
    "P3_cheap_sae-P2_cheap_raw": {
      "point": -0.15767195767195763,
      "ci_low": -0.2934313619948091,
      "ci_high": -0.024824140687450338
    }
  }
}