{
  "P1_cheap": {
    "raw": {
      "ece": 0.28371778754061816,
      "brier": 0.2135599571621454,
      "auroc": 0.6751322751322751
    },
    "platt": {
      "ece": 0.156061127550771,
      "brier": 0.1609046435114284,
      "auroc": 0.32486772486772486
    },
    "isotonic": {
      "ece": 0.11928653179469706,
      "brier": 0.14870933701739306,
      "auroc": 0.5813492063492064
    }
  },
  "P3_cheap_sae": {
    "raw": {
      "ece": 0.259524768031838,
      "brier": 0.2690578137104928,
      "auroc": 0.5777777777777777
    },
    "platt": {
      "ece": 0.13388733943113673,
      "brier": 0.1589559752820529,
      "auroc": 0.5777777777777777
    },
    "isotonic": {
      "ece": 0.13833950878575593,
      "brier": 0.16538493711498503,
      "auroc": 0.5542328042328043
    }
  }
}