{
  "n_test": 167,
  "mean_error_no_abstention": 1.5265751222213295,
  "coverages": [
    0.1,
    0.15,
    0.2,
    0.25,
    0.3,
    0.35,
    0.4,
    0.45,
    0.5,
    0.55,
    0.6,
    0.65,
    0.7,
    0.75,
    0.8,
    0.85,
    0.9,
    0.95,
    1.0
  ],
  "oracle_curve": [
    0.5617851332166813,
    0.5986349008266305,
    0.6409733054240969,
    0.6863237211978657,
    0.7233665751821696,
    0.758848427196055,
    0.7978626818342662,
    0.8325343485375347,
    0.8716551278972263,
    0.9098081632098365,
    0.9488791726663406,
    0.9991502491274754,
    1.046501961073964,
    1.0971023520829972,
    1.158627304318191,
    1.2188982078770643,
    1.2901892268405326,
    1.3851983746595604,
    1.5265751222213295
  ],
  "oracle_aurc": 0.8504367113835406,
  "random_curve": [
    1.525167788430864,
    1.5252951129366432,
    1.5278813385985028,
    1.5262882514655527,
    1.5286059320353458,
    1.5279463131984712,
    1.5272856077594206,
    1.5267151600841318,
    1.5266407578705303,
    1.5266510119266825,
    1.5263974235280695,
    1.5272535867167603,
    1.5272134123194556,
    1.5272774614171252,
    1.52705960640824,
    1.526617583943047,
    1.5264560811028904,
    1.5270206270950373,
    1.5265751222213717
  ],
  "random_aurc": 1.374223836186601,
  "probes": {
    "P1_cheap": {
      "curve": [
        0.8683606735019702,
        0.9667657887492999,
        1.0832965886544614,
        1.1117463299534431,
        1.2501305760423462,
        1.2809528850841796,
        1.309939765126288,
        1.34494821027279,
        1.4029468555683107,
        1.421565689181145,
        1.455337987351825,
        1.4758022889498765,
        1.459737737765304,
        1.4738284179335501,
        1.5069931109150985,
        1.5241090903391779,
        1.5198764131279583,
        1.5077242411345808,
        1.5265751222213297
      ],
      "ci95_lower": [
        0.7174454538463133,
        0.8047606042649225,
        0.9180305391910841,
        0.9597605440358635,
        1.0711770533594933,
        1.113296403626313,
        1.1518610442177901,
        1.1643196678886474,
        1.2236970185562475,
        1.2388705314141595,
        1.2732862393088915,
        1.3052829969390225,
        1.3033278980623324,
        1.3257603460505547,
        1.3455583836251452,
        1.380772011293826,
        1.3743877632519605,
        1.373123703631823,
        1.4001555483908918
      ],
      "ci95_upper": [
        1.0523814263052929,
        1.1362234191076688,
        1.2670334061065343,
        1.268169923472439,
        1.4406240131020964,
        1.4558534809073416,
        1.475286716728217,
        1.5458552909416154,
        1.6041957086340553,
        1.627373375840376,
        1.650715039571869,
        1.6672178989544981,
        1.6267274554849172,
        1.640335804094501,
        1.674633684364021,
        1.679682891586741,
        1.6757060191384263,
        1.6579603922983979,
        1.6764953085715817
      ],
      "aurc": 1.2146584937005644,
      "fraction_of_oracle_aurc": 0.3046377715871344
    },
    "P2_cheap_raw": {
      "curve": [
        1.0050356900002924,
        1.2223235567392983,
        1.1525065625174176,
        1.0838973566635162,
        1.0960444841988342,
        1.3266253256050016,
        1.38362958980918,
        1.4576479669671631,
        1.4801250692201477,
        1.4572296584252376,
        1.4508998294917388,
        1.4759767642394825,
        1.462035134324024,
        1.4873967465596858,
        1.4650201939459355,
        1.5088654014676195,
        1.5177968972865152,
        1.514488709803041,
        1.5265751222213295
      ],
      "ci95_lower": [
        0.8843452633569844,
        0.9820959859840168,
        0.9564500009729594,
        0.9141076992017284,
        0.9444148336685432,
        1.084781905502661,
        1.1604408702848683,
        1.2464491520156402,
        1.2884529153715625,
        1.274217238219454,
        1.2782126441282895,
        1.317358033458814,
        1.2990033795729727,
        1.3368221940642917,
        1.326983508990655,
        1.366821028900236,
        1.369962943809583,
        1.3767496997776847,
        1.394192688482567
      ],
      "ci95_upper": [
        1.1270237824010354,
        1.5222177206698528,
        1.4129308238008604,
        1.2864342555325454,
        1.274633943366168,
        1.607547426747098,
        1.6208104730593387,
        1.6841791640078216,
        1.707738112136877,
        1.6534884842221003,
        1.642714348603358,
        1.6475203303144261,
        1.6252777939442977,
        1.641320313306168,
        1.6183240745735845,
        1.6763877919641073,
        1.667914078004214,
        1.6593231179907835,
        1.6748715139590395
      ],
      "aurc": 1.2404157326687324,
      "fraction_of_oracle_aurc": 0.2554627580205973
    },
    "P3_cheap_sae": {
      "curve": [
        2.1077976824066247,
        1.8622233334663287,
        1.6701273549659015,
        1.655421850597515,
        1.6194711563947295,
        1.553615195107988,
        1.6091077599456838,
        1.589588777450197,
        1.5590633642856022,
        1.5588737387945668,
        1.5383590178166289,
        1.5004698449761404,
        1.506468856737899,
        1.507043809694271,
        1.51863032788931,
        1.5621932732332562,
        1.559861685857234,
        1.551457296985893,
        1.52657512222133
      ],
      "ci95_lower": [
        1.5841917576667193,
        1.4705419299572604,
        1.3484351351627992,
        1.3823284784126406,
        1.3727746336156124,
        1.3405066660126999,
        1.3745800116356925,
        1.3778520547498294,
        1.3517207104799251,
        1.3829041207777446,
        1.3625450429824184,
        1.334201371883469,
        1.348855450139309,
        1.3538152166074122,
        1.3657780264767352,
        1.4099211101415443,
        1.415829862082944,
        1.4062115784164693,
        1.388309915104147
      ],
      "ci95_upper": [
        2.7194779721113993,
        2.3149117247585056,
        2.050406424014291,
        1.9817552297771688,
        1.891223791700522,
        1.8019145438215518,
        1.8591884295187961,
        1.8161700136465624,
        1.776409612110562,
        1.7599656832639599,
        1.7243489420299407,
        1.6867621873434997,
        1.6667730329743373,
        1.6614136537434876,
        1.6917156693980162,
        1.737444152238383,
        1.7168156219984776,
        1.7020008575970293,
        1.6702661634398412
      ],
      "aurc": 1.436958152325656,
      "fraction_of_oracle_aurc": -0.11977063422977909
    },
    "P4_raw_only": {
      "curve": [
        1.0050356900002924,
        1.2223235567392983,
        1.1525065625174176,
        1.0838973566635162,
        1.0960444841988342,
        1.3266253256050016,
        1.38362958980918,
        1.457647966967163,
        1.4801250692201477,
        1.452015672752618,
        1.4508998294917388,
        1.4759767642394825,
        1.462035134324024,
        1.4873967465596858,
        1.4650201939459355,
        1.5088654014676197,
        1.5177968972865152,
        1.5144887098030408,
        1.5265751222213295
      ],
      "ci95_lower": [
        0.8843466850082631,
        0.9817405466599788,
        0.9573739690599222,
        0.9142350591851296,
        0.9423860413462662,
        1.0855871101742203,
        1.160115596086278,
        1.2516293840607469,
        1.2871444132521124,
        1.2691387723925778,
        1.2755960108475175,
        1.314186739516813,
        1.3027876779572414,
        1.334008763288711,
        1.3317263018326904,
        1.3642729239541558,
        1.3694700648526963,
        1.3781985780586634,
        1.3876749611168469
      ],